{
    "accuracy": 0.9751479289940829,
    "roc_auc": 0.9597750085148158,
    "classification_report": {
        "0": {
            "precision": 0.9871428571428571,
            "recall": 0.9829302987197724,
            "f1-score": 0.985032074126871,
            "support": 703.0
        },
        "1": {
            "precision": 0.9172413793103448,
            "recall": 0.9366197183098591,
            "f1-score": 0.926829268292683,
            "support": 142.0
        },
        "accuracy": 0.9751479289940829,
        "macro avg": {
            "precision": 0.9521921182266009,
            "recall": 0.9597750085148158,
            "f1-score": 0.955930671209777,
            "support": 845.0
        },
        "weighted avg": {
            "precision": 0.9753960999212989,
            "recall": 0.9751479289940829,
            "f1-score": 0.9752512475843211,
            "support": 845.0
        }
    }
}