{
    "accuracy": 0.9795737122557726,
    "roc_auc": 0.9709345479082321,
    "classification_report": {
        "0": {
            "precision": 0.9913885898815931,
            "recall": 0.9839743589743589,
            "f1-score": 0.9876675603217158,
            "support": 936.0
        },
        "1": {
            "precision": 0.9238578680203046,
            "recall": 0.9578947368421052,
            "f1-score": 0.9405684754521964,
            "support": 190.0
        },
        "accuracy": 0.9795737122557726,
        "macro avg": {
            "precision": 0.9576232289509488,
            "recall": 0.9709345479082321,
            "f1-score": 0.9641180178869561,
            "support": 1126.0
        },
        "weighted avg": {
            "precision": 0.9799935302424768,
            "recall": 0.9795737122557726,
            "f1-score": 0.9797201126083867,
            "support": 1126.0
        }
    }
}